project,target,configuration,hash,code,status,start,end
frontend-vitals-monitoring,format,,16231689252212947771,0,success,1721140944149,1721140944449
alpha-app,format,,2043069214688442412,0,success,1721140944149,1721140944648
root,format,,5898593720593999649,0,success,1721140944149,1721140945219
frontend-vitals-monitoring,format,,3726619145821882321,0,success,1721141096656,1721141096811
alpha-app,format,,14235065721897268051,0,success,1721141096656,1721141097005
root,format,,4217442071395018894,0,success,1721141096656,1721141097586
frontend-vitals-monitoring,format,,5812190496744663723,0,success,1721141166542,1721141166696
alpha-app,format,,4550733768686409024,0,success,1721141166542,1721141166918
root,format,,1319147956139810619,0,success,1721141166542,1721141167492
frontend-vitals-monitoring,format,,8424039380966211523,0,success,1721141235918,1721141236067
alpha-app,format,,2761380332271603618,0,success,1721141235918,1721141236267
root,format,,11263518083635850903,0,success,1721141235918,1721141236845
frontend-vitals-monitoring,lint,,2245764508551271539,1,failure,1721141237391,1721141238901
alpha-app,lint,,18110025869214898550,0,success,1721141237418,1721141238975
root,lint,,13033806865514613830,0,success,1721141237396,1721141239447
alpha-app,format,,2761380332271603618,0,success,1721141297009,1721141297427
root,format,,11263518083635850903,0,success,1721141297009,1721141297965
alpha-app,lint,,12693284428651273824,0,success,1721141298552,1721141299993
root,lint,,13033806865514613830,0,success,1721141298546,1721141300454
